,IPO year,country,market capital,name,subsector,symbol
0,n/a,UnitedStates,n/a,BankofAmericaCorporation,n/a,BAC^B
1,n/a,UnitedStates,n/a,BankofAmericaCorporation,n/a,BAC^C
2,n/a,UnitedStates,n/a,BankofAmericaCorporation,n/a,BAC^E
3,n/a,UnitedStates,n/a,BankofAmericaCorporation,n/a,BAC^K
4,n/a,UnitedStates,n/a,BankofAmericaCorporation,n/a,BAC^L
5,n/a,UnitedStates,n/a,BankofAmericaCorporation,MajorBanks,BAC^W
6,n/a,UnitedStates,n/a,BankofAmericaCorporation,MajorBanks,BAC^Y
7,n/a,UnitedStates,n/a,BankofAmericaCorporation,n/a,BML^G
8,n/a,UnitedStates,n/a,BankofAmericaCorporation,n/a,BML^H
9,n/a,UnitedStates,n/a,BankofAmericaCorporation,n/a,BML^J
10,n/a,UnitedStates,n/a,BankofAmericaCorporation,n/a,BML^L
11,n/a,UnitedStates,$187.42M,BankofCommerceHoldings(CA),MajorBanks,BOCH
12,n/a,UnitedStates,$3.14B,BankofHawaiiCorporation,MajorBanks,BOH
13,n/a,UnitedStates,$564.24M,BankofMarinBancorp,MajorBanks,BMRC
14,n/a,Canada,$48.22M,BankOfMontreal,CommercialBanks,BMLP
15,n/a,Canada,$46.95B,BankOfMontreal,CommercialBanks,BMO
16,2016,Bermuda,$1.91B,BankofN.T.Butterfield&SonLimited(The),CommercialBanks,NTB
17,n/a,UnitedStates,$41.41B,BankOfNewYorkMellonCorporation(The),MajorBanks,BK
18,n/a,UnitedStates,n/a,BankOfNewYorkMellonCorporation(The),n/a,BK^C
19,n/a,Canada,$62.82B,BankofNovaScotia(The),MajorBanks,BNS
20,n/a,UnitedStates,$98.14M,BankofSouthCarolinaCorp.,MajorBanks,BKSC
21,n/a,UnitedStates,$61.82M,"BankoftheJamesFinancialGroup,Inc.",MajorBanks,BOTJ
22,n/a,UnitedStates,$3.87B,BankOZK,MajorBanks,OZK
23,2018,UnitedStates,$177.77M,Bank7Corp.,MajorBanks,BSVN
24,n/a,UnitedStates,$218.33M,BankFinancialCorporation,SavingsInstitutions,BFIN
25,2011,UnitedStates,$3.26B,"BankUnited,Inc.",SavingsInstitutions,BKU
26,2014,UnitedStates,$227.07M,"BankwellFinancialGroup,Inc.",MajorBanks,BWFG
27,n/a,UnitedStates,$1.81B,BannerCorporation,MajorBanks,BANR
28,2015,China,$2.37B,BaozunInc.,Catalog/SpecialtyDistribution,BZUN
29,n/a,UnitedStates,$376.94M,"BarHarborBankshares,Inc.",MajorBanks,BHB
30,n/a,UnitedKingdom,$32.5B,BarclaysPLC,CommercialBanks,BCS
31,n/a,UnitedKingdom,$4.91M,BarclaysPLC,n/a,DFVL
32,n/a,UnitedKingdom,$3.95M,BarclaysPLC,n/a,DFVS
33,n/a,UnitedKingdom,$9.78M,BarclaysPLC,n/a,DLBS
34,n/a,UnitedKingdom,$5.13M,BarclaysPLC,n/a,DTUL
35,n/a,UnitedKingdom,$4.46M,BarclaysPLC,n/a,DTUS
36,n/a,UnitedKingdom,$5.22M,BarclaysPLC,n/a,DTYL
37,n/a,UnitedKingdom,$32.37M,BarclaysPLC,n/a,DTYS
38,n/a,UnitedKingdom,$4.62M,BarclaysPLC,n/a,FLAT
39,n/a,UnitedKingdom,$4.13M,BarclaysPLC,n/a,STPP
40,n/a,UnitedKingdom,$11.14M,BarclaysPLC,n/a,TAPR
41,n/a,UnitedStates,$500.75M,"BaringsBDC,Inc.",n/a,BBDC
42,n/a,UnitedStates,$311.69M,BaringsCorporateInvestors,n/a,MCI
43,1988,UnitedStates,$166.93M,BaringsParticipationInvestors,Miscellaneous,MPV
44,2015,UnitedStates,$150.35M,"Barnes&NobleEducation,Inc",OtherSpecialtyStores,BNED
45,n/a,UnitedStates,$315.47M,"Barnes&Noble,Inc.",OtherSpecialtyStores,BKS
46,n/a,UnitedStates,$2.7B,"BarnesGroup,Inc.",MetalFabrications,B
47,n/a,UnitedStates,$11.01M,"BarnwellIndustries,Inc.",Oil&GasProduction,BRN
48,1993,UnitedStates,$539.81M,"BarrettBusinessServices,Inc.",ProfessionalServices,BBSI
49,n/a,Canada,$20.65B,BarrickGoldCorporation,PreciousMetals,GOLD
50,2005,UnitedStates,$46.1M,"BasicEnergyServices,Inc.",OilfieldServices/Equipment,BAS
51,n/a,UnitedStates,$161.27M,"BassettFurnitureIndustries,Incorporated",HomeFurnishings,BSET
52,n/a,n/a,n/a,BATSBZXExchange,n/a,ZTEST
53,n/a,Canada,$7.5B,BauschHealthCompaniesInc.,MajorPharmaceuticals,BHC
54,n/a,UnitedStates,$37.94B,BaxterInternationalInc.,Medical/DentalInstruments,BAX
55,2018,UnitedStates,$264.14M,BayComCorp,MajorBanks,BCML
56,n/a,Canada,$901.6M,BaytexEnergyCorp,Oil&GasProduction,BTE
57,n/a,UnitedStates,$36.22B,BB&TCorporation,MajorBanks,BBT
58,n/a,UnitedStates,n/a,BB&TCorporation,n/a,BBT^D
59,n/a,UnitedStates,n/a,BB&TCorporation,n/a,BBT^E
60,n/a,UnitedStates,n/a,BB&TCorporation,n/a,BBT^F
61,n/a,UnitedStates,n/a,BB&TCorporation,n/a,BBT^G
62,n/a,UnitedStates,n/a,BB&TCorporation,n/a,BBT^H
63,n/a,Argentina,$1.82B,BBVABancoFrancesS.A.,CommercialBanks,BFR
64,2017,UnitedStates,$417.45M,BBXCapitalCorporation,RealEstate,BBX
65,2005,UnitedStates,$201.87M,"BCBBancorp,Inc.(NJ)",SavingsInstitutions,BCBP
66,n/a,Canada,$40.58B,"BCE,Inc.",TelecommunicationsEquipment,BCE
67,2004,UnitedStates,$2.39B,"BeaconRoofingSupply,Inc.",RETAIL:BuildingMaterials,BECN
68,2000,UnitedStates,$92.24M,"BeasleyBroadcastGroup,Inc.",Broadcasting,BBGI
69,1994,UnitedStates,$293.2M,"BeazerHomesUSA,Inc.",Homebuilding,BZH
70,n/a,UnitedStates,$63.98B,"Becton,DickinsonandCompany",Medical/DentalInstruments,BDX
71,n/a,UnitedStates,n/a,"Becton,DickinsonandCompany",Medical/DentalInstruments,BDXA
72,1992,UnitedStates,$1.69B,BedBath&BeyondInc.,HomeFurnishings,BBBY
73,2016,CaymanIslands,$5.61B,"BeiGene,Ltd.",MajorPharmaceuticals,BGNE
74,n/a,UnitedStates,$187.43M,BelFuseInc.,ElectricalProducts,BELFA
75,n/a,UnitedStates,$216.95M,BelFuseInc.,ElectricalProducts,BELFB
76,n/a,UnitedStates,$2.08B,BeldenInc,TelecommunicationsEquipment,BDC
77,n/a,UnitedStates,n/a,BeldenInc,n/a,BDC^B
78,2015,UnitedStates,$43.87M,"BellerophonTherapeutics,Inc.",MajorPharmaceuticals,BLPH
79,2014,UnitedStates,$93.86M,"BellicumPharmaceuticals,Inc.",MajorPharmaceuticals,BLCM
80,n/a,UnitedStates,$5.14B,"BemisCompany,Inc.",Containers/Packaging,BMS
81,n/a,UnitedStates,$875.09M,"BenchmarkElectronics,Inc.",ElectricalProducts,BHE
82,2013,UnitedStates,$941.11M,"Benefitfocus,Inc.",ComputerSoftware:PrepackagedSoftware,BNFT
83,2015,Australia,$20.56M,BenitecBiopharmaLimited,MajorPharmaceuticals,BNTC
84,2015,Australia,n/a,BenitecBiopharmaLimited,MajorPharmaceuticals,BNTCW
85,n/a,n/a,n/a,BerkshireHathawayInc.,n/a,BRK.A
86,n/a,n/a,n/a,BerkshireHathawayInc.,n/a,BRK.B
87,n/a,UnitedStates,$1.51B,"BerkshireHillsBancorp,Inc.",Banks,BHLB
88,2012,UnitedStates,$6.21B,"BerryGlobalGroup,Inc.",PlasticProducts,BERY
89,2018,UnitedStates,$880.2M,BerryPetroleumCorporation,Oil&GasProduction,BRY
90,n/a,UnitedStates,$17.39B,"BestBuyCo.,Inc.",ConsumerElectronics/VideoChains,BBY
91,2017,CaymanIslands,$1.77B,BESTInc.,TruckingFreight/CourierServices,BEST
92,2019,UnitedStates,$5.75B,"BeyondMeat,Inc.",PackagedFoods,BYND
93,2017,UnitedStates,$371.88M,"BeyondSpring,Inc.",MajorPharmaceuticals,BYSI
94,n/a,UnitedStates,$182.6M,BGStaffingInc,ProfessionalServices,BGSF
95,n/a,UnitedStates,$1.62B,"BGCPartners,Inc.",InvestmentBankers/Brokers/Service,BGCP
96,n/a,Australia,$132.75B,BHPGroupLimited,PreciousMetals,BHP
97,n/a,Australia,$2.55B,BHPGroupPlc,CoalMining,BBL
98,2019,UnitedKingdom,$211.12M,BicycleTherapeuticsplc,MajorPharmaceuticals,BCYC
99,2002,UnitedStates,$44.76M,Big5SportingGoodsCorporation,OtherSpecialtyStores,BGFV
100,n/a,UnitedStates,$1.04B,"BigLots,Inc.",Department/SpecialtyRetailStores,BIG
101,2017,UnitedStates,$94.15M,BigRockPartnersAcquisitionCorp.,BusinessServices,BRPA
102,2017,UnitedStates,n/a,BigRockPartnersAcquisitionCorp.,BusinessServices,BRPAR
103,2017,UnitedStates,n/a,BigRockPartnersAcquisitionCorp.,BusinessServices,BRPAU
104,2017,UnitedStates,n/a,BigRockPartnersAcquisitionCorp.,BusinessServices,BRPAW
105,n/a,n/a,n/a,BiglariHoldingsInc.,n/a,BH.A
106,2018,UnitedStates,$211.78M,BiglariHoldingsInc.,Restaurants,BH
107,2018,China,$4.53B,BilibiliInc.,EDPServices,BILI
108,1997,UnitedStates,$20.58M,"BioanalyticalSystems,Inc.",Biotechnology:CommercialPhysical&BiologicalResarch,BASI
109,2014,UnitedStates,$24.34M,"Biocept,Inc.",MedicalSpecialities,BIOC
110,2018,n/a,$161.46M,BioceresCropSolutionsCorp.,AgriculturalChemicals,BIOX
111,n/a,n/a,n/a,BioceresCropSolutionsCorp.,n/a,BIOX.WS
112,1994,UnitedStates,$370.65M,"BioCrystPharmaceuticals,Inc.",Biotechnology:BiologicalProducts(NoDiagnosticSubstances),BCRX
113,n/a,UnitedStates,$370.65M,"BioDeliverySciencesInternational,Inc.",MajorPharmaceuticals,BDSI
114,2018,Germany,$359.96M,BiofronteraAG,MajorPharmaceuticals,BFRA
115,n/a,UnitedStates,$43.39B,BiogenInc.,Biotechnology:BiologicalProducts(NoDiagnosticSubstances),BIIB
116,2017,UnitedStates,$2.51B,BiohavenPharmaceuticalHoldingCompanyLtd.,MajorPharmaceuticals,BHVN
117,n/a,UnitedStates,$37.12M,"BioHiTechGlobal,Inc.",OtherConsumerServices,BHTG
118,n/a,UnitedStates,$15.03M,"BIO-keyInternational,Inc.",ComputerCommunicationsEquipment,BKYI
119,n/a,UnitedStates,$35.56M,"Biolase,Inc.",Medical/DentalInstruments,BIOL
120,n/a,UnitedStates,$332.56M,"BioLifeSolutions,Inc.",Biotechnology:Electromedical&ElectrotherapeuticApparatus,BLFS
121,n/a,Israel,$53.56M,BioLineRxLtd.,MajorPharmaceuticals,BLRX
122,1999,UnitedStates,$14.93B,BioMarinPharmaceuticalInc.,MajorPharmaceuticals,BMRN
123,n/a,UnitedStates,$22.14M,"Biomerica,Inc.",Medical/DentalInstruments,BMRA
124,2018,UnitedStates,$32.75M,"BionanoGenomics,Inc.",Biotechnology:LaboratoryAnalyticalInstruments,BNGO
125,2018,UnitedStates,n/a,"BionanoGenomics,Inc.",Biotechnology:LaboratoryAnalyticalInstruments,BNGOW
126,2015,Israel,$41.83M,BiondVaxPharmaceuticalsLtd.,Biotechnology:BiologicalProducts(NoDiagnosticSubstances),BVXV
127,2015,Israel,n/a,BiondVaxPharmaceuticalsLtd.,Biotechnology:BiologicalProducts(NoDiagnosticSubstances),BVXVW
128,n/a,UnitedStates,$38.05M,"Bio-PathHoldings,Inc.",MajorPharmaceuticals,BPTH
129,2015,UnitedStates,$8.75M,BioPharmXCorporation,MajorPharmaceuticals,BPMX
130,n/a,n/a,n/a,"Bio-RadLaboratories,Inc.",n/a,BIO.B
131,n/a,UnitedStates,$8.57B,"Bio-RadLaboratories,Inc.",Biotechnology:LaboratoryAnalyticalInstruments,BIO
132,n/a,UnitedStates,$261.38M,"BioScrip,Inc.",Medical/NursingServices,BIOS
133,n/a,UnitedStates,$143.18M,"BioSigTechnologies,Inc.",Biotechnology:Electromedical&ElectrotherapeuticApparatus,BSGM
134,n/a,UnitedStates,$432.33M,BioSpecificsTechnologiesCorp,MajorPharmaceuticals,BSTC
135,n/a,UnitedStates,$7.38B,Bio-TechneCorp,Biotechnology:BiologicalProducts(NoDiagnosticSubstances),TECH
136,2008,UnitedStates,$1.61B,"BioTelemetry,Inc.",MedicalSpecialities,BEAT
137,n/a,UnitedStates,$154.13M,"BioTime,Inc.",Biotechnology:BiologicalProducts(NoDiagnosticSubstances),BTX
138,2018,UnitedStates,$170.44M,"BioXcelTherapeutics,Inc.",MajorPharmaceuticals,BTAI
139,n/a,China,$6.03M,BIQIInternationalHoldingsCorporation,Farming/Seeds/Milling,BIQI
140,n/a,Canada,$17.87M,BirksGroupInc.,ConsumerSpecialties,BGI
141,2010,China,$740.92M,BitautoHoldingsLimited,EDPServices,BITA
142,n/a,UnitedStates,$892.19M,"BJ'sRestaurants,Inc.",Restaurants,BJRI
143,2018,UnitedStates,$3.5B,"BJ'sWholesaleClubHoldings,Inc.",Department/SpecialtyRetailStores,BJ
144,n/a,UnitedStates,$50.17M,BKTechnologiesCorporation,RadioAndTelevisionBroadcastingAndCommunicationsEquipment,BKTI
145,n/a,UnitedStates,$4.52B,BlackHillsCorporation,ElectricUtilities:Central,BKH
146,2017,n/a,$8.51B,"BlackKnight,Inc.",ComputerSoftware:PrepackagedSoftware,BKI
147,2017,UnitedStates,$182.47M,BlackRidgeAcquisitionCorp.,Services-Misc.Amusement&Recreation,BRAC
148,2017,UnitedStates,n/a,BlackRidgeAcquisitionCorp.,Services-Misc.Amusement&Recreation,BRACR
149,2017,UnitedStates,n/a,BlackRidgeAcquisitionCorp.,Services-Misc.Amusement&Recreation,BRACU
150,2017,UnitedStates,n/a,BlackRidgeAcquisitionCorp.,Services-Misc.Amusement&Recreation,BRACW
151,2015,UnitedStates,$3.36B,"BlackStoneMinerals,L.P.",Oil&GasProduction,BSM
152,2004,UnitedStates,$3.76B,"Blackbaud,Inc.",ComputerSoftware:PrepackagedSoftware,BLKB
153,n/a,Canada,$4.34B,BlackBerryLimited,ComputerSoftware:PrepackagedSoftware,BB
154,2016,UnitedStates,$2.86B,"BlackLine,Inc.",ComputerSoftware:PrepackagedSoftware,BL
155,2017,UnitedStates,$204.25M,BlackRock2022GlobalIncomeOpportunityTrust,n/a,BGIO
156,2001,UnitedStates,$416.01M,BlackRockCaliforniaMunicipalIncomeTrust,n/a,BFZ
157,2004,UnitedStates,$675.5M,BlackrockCapitalandIncomeStrategiesFundInc,n/a,CII
158,2007,UnitedStates,$422.65M,BlackRockCapitalInvestmentCorporation,n/a,BKCC
159,2001,UnitedStates,$732.44M,BlackrockCoreBondTrust,n/a,BHK
160,2003,UnitedStates,$1.28B,"BlackrockCorporateHighYieldFund,Inc.",n/a,HYT
161,2006,UnitedStates,$1.32B,BlackRockCreditAllocationIncomeTrust,n/a,BTZ
162,1998,UnitedStates,$566.42M,"BlackrockDebtStrategiesFund,Inc.",n/a,DSU
163,2004,UnitedStates,$334.94M,BlackRockEnergyandResourcesTrust,n/a,BGR
164,2005,UnitedStates,$1.57B,BlackrockEnhancedEquityDividendTrust,n/a,BDJ
165,2005,UnitedStates,$68.66M,"BlackrockEnhancedGovernmentFund,Inc",n/a,EGF
166,2003,UnitedStates,$478.37M,BlackrockFloatingRateIncomeStrategiesFundInc,n/a,FRA
167,2003,UnitedStates,$80.08M,BlackrockFloridaMunicipal2020TermTrust,n/a,BFO
168,2004,UnitedStates,$293.47M,BlackrockGlobal,n/a,BGT
169,2005,UnitedStates,$701.61M,BlackrockGlobal,n/a,BOE
170,2005,UnitedStates,$358.05M,BlackrockHealthSciencesTrust,n/a,BME
171,2002,UnitedStates,$127.13M,BlackRockIncomeInvestmentQualityTrust,n/a,BAF
172,n/a,UnitedStates,$379.59M,BlackRockIncomeTrustInc.(The),n/a,BKT
173,2007,UnitedStates,$579.46M,"BLACKROCKINTERNATIONAL,LTD.",n/a,BGY
174,1993,UnitedStates,$252.46M,BlackRockInvestmentQualityMunicipalTrustInc.(The),n/a,BKN
175,2006,UnitedStates,$160.13M,BlackRockLong-TermMunicipalAdvantageTrust,n/a,BTA
176,2002,UnitedStates,$30.52M,BlackRockMarylandMunicipalBondTrust,n/a,BZM
177,1993,UnitedStates,$30.59M,BlackRockMassachusettsTax-ExemptTrust,n/a,MHE
178,2013,n/a,$632.38M,BlackRockMulti-SectorIncomeTrust,n/a,BIT
179,2003,UnitedStates,$530.4M,BlackrockMuniIntermediateDurationFundInc,n/a,MUI
180,2003,UnitedStates,$60.28M,BlackrockMuniNewYorkIntermediateDurationFundInc,n/a,MNE
181,1993,UnitedStates,$547.68M,"BlackrockMuniAssetsFund,Inc.",n/a,MUA
182,2003,UnitedStates,$305.57M,BlackrockMunicipal2020TermTrust,n/a,BKK
183,2002,UnitedStates,$153.32M,BlackrockMunicipalBondTrust,n/a,BBK
184,n/a,UnitedStates,$142.88M,BlackRockMunicipalIncomeInvestmentTrust,n/a,BBF
185,2002,UnitedStates,$355.96M,BlackrockMunicipalIncomeQualityTrust,n/a,BYM
186,n/a,UnitedStates,$628.98M,BlackRockMunicipalIncomeTrust,n/a,BFK
187,2002,UnitedStates,$337.89M,BlackRockMunicipalIncomeTrustII,n/a,BLE
188,2012,UnitedStates,$1.61B,BlackRockMunicipalTargetTermTrustInc.(The),n/a,BTT
189,1989,UnitedStates,$320.86M,"BlackrockMuniEnhancedFund,Inc.",n/a,MEN
190,1998,UnitedStates,$552.71M,"BlackrockMuniHoldingsCaliforniaQualityFund,Inc.",n/a,MUC
191,1998,UnitedStates,$166.3M,"BlackrockMuniHoldingsFundII,Inc.",n/a,MUH
192,1997,UnitedStates,$232.03M,"BlackrockMuniHoldingsFund,Inc.",n/a,MHD
193,1997,UnitedStates,$492.65M,BlackrockMuniHoldingsInvestmentQualityFund,n/a,MFL
194,1998,UnitedStates,$418.84M,"BlackrockMuniHoldingsNewJerseyInsuredFund,Inc.",n/a,MUJ
195,1997,UnitedStates,$412.5M,"BlackrockMuniHoldingsNewYorkQualityFund,Inc.",n/a,MHN
196,n/a,UnitedStates,$277.23M,"BlackrockMuniHoldingsQualityFundII,Inc.",n/a,MUE
197,1998,UnitedStates,$159.73M,"BlackrockMuniHoldingsQualityFund,Inc.",n/a,MUS
198,1993,UnitedStates,$307.65M,"BlackrockMuniVestFundII,Inc.",n/a,MVT
199,1992,UnitedStates,$292.16M,"BlackrockMuniYieldCaliforniaFund,Inc.",n/a,MYC
200,1992,UnitedStates,$483.4M,"BlackrockMuniYieldCaliforniaInsuredFund,Inc.",n/a,MCA
201,1991,UnitedStates,$671.01M,"BlackrockMuniYieldFund,Inc.",n/a,MYD
202,1992,UnitedStates,$197.46M,BlackrockMuniYieldInvestmentFund,n/a,MYF
203,1992,UnitedStates,$120.63M,BlackrockMuniYieldInvestmentQualityFund,n/a,MFT
204,1992,UnitedStates,$403.74M,"BlackrockMuniYieldMichiganQualityFund,Inc.",n/a,MIY
205,1992,UnitedStates,$355.12M,"BlackrockMuniYieldNewJerseyFund,Inc.",n/a,MYJ
206,1992,UnitedStates,$500.37M,"BlackrockMuniYieldNewYorkQualityFund,Inc.",n/a,MYN
207,1992,UnitedStates,$185.6M,BlackrockMuniYieldPennsylvaniaQualityFund,n/a,MPA
208,1992,UnitedStates,$282.65M,"BlackrockMuniYieldQualityFundII,Inc.",n/a,MQT
209,n/a,UnitedStates,$892.09M,"BlackrockMuniYieldQualityFundIII,Inc.",n/a,MYI
210,1992,UnitedStates,$442.33M,"BlackrockMuniYieldQualityFund,Inc.",n/a,MQY
211,n/a,UnitedStates,$177.38M,BlackRockNewYorkInvestmentQualityMunicipalTrustInc.(Th,n/a,BNY
212,2002,UnitedStates,$41.16M,BlackrockNewYorkMunicipalBondTrust,n/a,BQH
213,2002,UnitedStates,$86.39M,BlackrockNewYorkMunicipalIncomeQualityTrust,n/a,BSE
214,2002,UnitedStates,$70.38M,BlackRockNewYorkMunicipalIncomeTrustII,n/a,BFY
215,2011,UnitedStates,$704.36M,BlackRockResources,n/a,BCX
216,2014,UnitedStates,$698.97M,BlackRockScienceandTechnologyTrust,n/a,BST
217,1999,UnitedStates,$98M,BlackRockStrategicMunicipalTrustInc.(The),n/a,BSD
218,2012,UnitedStates,$846.82M,BlackRockTCPCapitalCorp.,n/a,TCPC
219,2011,UnitedStates,$359.79M,"BlackRockUtility,Infrastructure&PowerOpportun",n/a,BUI
220,2002,UnitedStates,$26.95M,BlackRockVirginiaMunicipalBondTrust,n/a,BHV
221,1999,UnitedStates,$66.32B,"BlackRock,Inc.",InvestmentBankers/Brokers/Service,BLK
222,2012,n/a,$649.42M,Blackstone/GSOStrategicCreditFund,n/a,BGB
223,2011,n/a,$196.88M,BlackstoneGSOLongShortCreditIncomeFund,n/a,BGX
224,2010,UnitedStates,$254.54M,BlackstoneGSOSeniorFloatingRateTermFund,n/a,BSL
225,n/a,UnitedStates,$61.13M,BlinkChargingCo.,ElectricalProducts,BLNK
226,n/a,UnitedStates,n/a,BlinkChargingCo.,ElectricalProducts,BLNKW
227,n/a,UnitedStates,$9.88M,"BlonderTongueLaboratories,Inc.",RadioAndTelevisionBroadcastingAndCommunicationsEquipment,BDR
228,2018,n/a,$1.23B,BloomEnergyCorporation,IndustrialMachinery/Components,BE
229,2012,UnitedStates,$1.81B,"Bloomin'Brands,Inc.",Restaurants,BLMN
230,n/a,UnitedStates,$1.56B,"Blucora,Inc.",Finance:ConsumerServices,BCOR
231,2017,UnitedStates,$137.14M,"BlueApronHoldings,Inc.",Catalog/SpecialtyDistribution,APRN
232,2014,UnitedStates,$503.98M,BlueBirdCorporation,Construction/AgEquipment/Trucks,BLBD
233,2013,n/a,$57.86M,BlueCapitalReinsuranceHoldingsLtd.,Property-CasualtyInsurers,BCRH
234,2013,UnitedStates,$6.64B,"bluebirdbio,Inc.",Biotechnology:BiologicalProducts(NoDiagnosticSubstances),BLUE
235,2017,UnitedStates,$603.01M,BluegreenVacationsCorporation,RealEstate,BXG
236,2011,UnitedStates,$43.16M,"BlueknightEnergyPartnersL.P.,L.L.C.",NaturalGasDistribution,BKEP
237,n/a,UnitedStates,$155.32M,"BlueknightEnergyPartnersL.P.,L.L.C.",NaturalGasDistribution,BKEPP
238,2004,UnitedStates,$191.61M,BlueLinxHoldingsInc.,WholesaleDistributors,BXC
239,2015,UnitedStates,$3.82B,BlueprintMedicinesCorporation,MajorPharmaceuticals,BPMC
240,n/a,n/a,n/a,"BluerockResidentialGrowthREIT,Inc.",n/a,BRG^A
241,n/a,n/a,n/a,"BluerockResidentialGrowthREIT,Inc.",n/a,BRG^C
242,n/a,n/a,n/a,"BluerockResidentialGrowthREIT,Inc.",n/a,BRG^D
243,2014,n/a,$256.45M,"BluerockResidentialGrowthREIT,Inc.",RealEstateInvestmentTrusts,BRG
244,n/a,n/a,n/a,BlueStarIsraelTechnologyETF,n/a,ITEQ
245,2013,UnitedStates,$1.36B,"BMCStockHoldings,Inc.",RETAIL:BuildingMaterials,BMCH
246,n/a,UnitedStates,$196.85B,BoeingCompany(The),Aerospace,BA
247,2011,UnitedStates,$862.99M,"BoingoWireless,Inc.",TelecommunicationsEquipment,WIFI
248,2013,UnitedStates,$890.57M,"BoiseCascade,L.L.C.",RETAIL:BuildingMaterials,BCC
249,n/a,UnitedStates,$5.47B,BOKFinancialCorporation,MajorBanks,BOKF
250,n/a,UnitedStates,n/a,BOKFinancialCorporation,MajorBanks,BOKFL
251,2017,UnitedStates,$412.28M,"BonanzaCreekEnergy,Inc.",Oil&GasProduction,BCEI
252,n/a,HongKong,$12.87M,"BonsoElectronicsInternational,Inc.",IndustrialMachinery/Components,BNSO
253,n/a,UnitedStates,$72.43B,BookingHoldingsInc.,BusinessServices,BKNG
254,2014,UnitedStates,$810.42M,"BootBarnHoldings,Inc.",Clothing/Shoe/AccessoryStores,BOOT
255,2010,UnitedStates,$8.79B,BoozAllenHamiltonHoldingCorporation,ProfessionalServices,BAH
256,n/a,UnitedStates,$7.62B,BorgWarnerInc.,AutoParts:O.E.M.,BWA
257,2015,China,$102.36M,"BorqsTechnologies,Inc.",EDPServices,BRQS
258,n/a,UnitedStates,$3.71B,"BostonBeerCompany,Inc.(The)",Beverages(Production/Distribution),SAM
259,n/a,UnitedStates,$552.97M,BostonOmahaCorporation,RealEstate,BOMN
260,n/a,UnitedStates,$877.14M,"BostonPrivateFinancialHoldings,Inc.",MajorBanks,BPFH
261,1997,UnitedStates,$20.21B,"BostonProperties,Inc.",RealEstateInvestmentTrusts,BXP
262,n/a,UnitedStates,n/a,"BostonProperties,Inc.",n/a,BXP^B
263,n/a,UnitedStates,$53.46B,BostonScientificCorporation,Medical/DentalInstruments,BSX
264,1999,UnitedStates,$1.92B,"BottomlineTechnologies,Inc.",ComputerSoftware:PrepackagedSoftware,EPAY
265,n/a,n/a,n/a,"BowlAmerica,Inc.",n/a,BWL.A
266,2015,UnitedStates,$2.81B,"Box,Inc.",ComputerSoftware:PrepackagedSoftware,BOX
267,2017,UnitedStates,$33.03M,BoxlightCorporation,IndustrialMachinery/Components,BOXL
268,2019,UnitedStates,$246.95M,BoxwoodMergerCorp.,BusinessServices,BWMC
269,2018,UnitedStates,n/a,BoxwoodMergerCorp.,BusinessServices,BWMCU
270,2019,UnitedStates,n/a,BoxwoodMergerCorp.,BusinessServices,BWMCW
271,1993,UnitedStates,$2.7B,BoydGamingCorporation,Hotels/Resorts,BYD
272,2017,UnitedStates,$1.49B,BPMidstreamPartnersLP,NaturalGasDistribution,BPMP
273,n/a,UnitedKingdom,$139.15B,BPp.l.c.,IntegratedoilCompanies,BP
274,n/a,UnitedStates,$388.41M,BPPrudhoeBayRoyaltyTrust,IntegratedoilCompanies,BPT
275,n/a,UnitedStates,$2.47B,BradyCorporation,Miscellaneousmanufacturingindustries,BRC
276,2013,UnitedStates,$355.79M,BraemarHotels&ResortsInc.,RealEstateInvestmentTrusts,BHR
277,n/a,UnitedStates,n/a,BraemarHotels&ResortsInc.,n/a,BHR^B
278,n/a,UnitedStates,n/a,BraemarHotels&ResortsInc.,n/a,BHR^D
279,n/a,UnitedStates,$110.29M,BrainstormCellTherapeuticsInc.,Biotechnology:BiologicalProducts(NoDiagnosticSubstances),BCLI
280,2019,Israel,$111.85M,BrainswayLtd.,Medical/DentalInstruments,BWAY
281,n/a,UnitedStates,$50.02M,BrandesInvestmentTrust,n/a,BVNSC
282,n/a,UnitedStates,$2.63B,BrandywineRealtyTrust,RealEstateInvestmentTrusts,BDN
283,2012,UnitedStates,$232.57M,BrandywineGLOBALGlobalIncomeOpportunitiesFund,n/a,BWG
284,n/a,Brazil,$213.06M,BrasilagroCiaBrasileiraDePropriedadesAgricolas,Farming/Seeds/Milling,LND
285,n/a,Brazil,$5.89B,BRFS.A.,Meat/Poultry/Fish,BRFS
286,n/a,UnitedStates,$554.7M,"BridgeBancorp,Inc.",MajorBanks,BDGE
287,n/a,UnitedStates,$3.76M,"BridgelineDigital,Inc.",ComputerSoftware:PrepackagedSoftware,BLIN
288,2018,UnitedStates,$331.98M,"BridgewaterBancshares,Inc.",MajorBanks,BWB
289,n/a,UnitedStates,$262.32M,BridgfordFoodsCorporation,SpecialtyFoods,BRID
290,n/a,UnitedStates,$408.8M,Briggs&StrattonCorporation,IndustrialMachinery/Components,BGG
291,2019,n/a,$1.07B,"BrighamMinerals,Inc.",Oil&GasProduction,MNRL
292,2013,UnitedStates,$7.9B,BrightHorizonsFamilySolutionsInc.,OtherConsumerServices,BFAM
293,2017,China,$281.63M,BrightScholarEducationHoldingsLimited,OtherConsumerServices,BEDU
294,2012,UnitedStates,$386.72M,BrightcoveInc.,EDPServices,BCOV
295,n/a,UnitedStates,$4.3B,"BrighthouseFinancial,Inc.",LifeInsurance,BHF
296,n/a,UnitedStates,n/a,"BrighthouseFinancial,Inc.",LifeInsurance,BHFAL
297,n/a,UnitedStates,n/a,"BrighthouseFinancial,Inc.",LifeInsurance,BHFAP
298,2016,UnitedKingdom,n/a,BrightSphereInvestmentGroupplc,InvestmentManagers,BSA
299,2014,UnitedKingdom,$1.02B,BrightSphereInvestmentGroupplc,InvestmentManagers,BSIG
300,2018,UnitedStates,$1.78B,"BrightViewHoldings,Inc.",Farming/Seeds/Milling,BV
301,n/a,UnitedStates,$1.45B,"BrinkerInternational,Inc.",Restaurants,EAT
302,n/a,UnitedStates,$3.89B,Brink'sCompany(The),OilRefining/Marketing,BCO
303,n/a,UnitedStates,$75.05B,Bristol-MyersSquibbCompany,MajorPharmaceuticals,BMY
304,n/a,UnitedKingdom,$81.68B,BritishAmericanTobaccop.l.c.,Farming/Seeds/Milling,BTI
305,2013,n/a,$5.13B,BrixmorPropertyGroupInc.,RealEstateInvestmentTrusts,BRX
306,2009,UnitedStates,$101.58B,BroadcomInc.,Semiconductors,AVGO
307,n/a,UnitedStates,$14.47B,"BroadridgeFinancialSolutions,Inc.",BusinessServices,BR
308,1996,UnitedStates,$6.83M,"BroadVision,Inc.",ComputerSoftware:PrepackagedSoftware,BVSN
309,n/a,UnitedStates,$38.47M,BroadwayFinancialCorporation,SavingsInstitutions,BYFC
310,n/a,UnitedStates,$30.2M,"BroadwindEnergy,Inc.",MetalFabrications,BWEN
311,2005,UnitedStates,$1.15B,BrookdaleSeniorLivingInc.,Hospital/NursingManagement,BKD
312,n/a,Canada,$46.03B,BrookfieldAssetManagementInc,Buildingoperators,BAM
313,2016,n/a,$2.51B,BrookfieldBusinessPartnersL.P.,Engineering&Construction,BBU
314,n/a,n/a,n/a,BrookfieldDTLAInc.,n/a,DTLA^
315,n/a,UnitedStates,$164.36M,BrookfieldGlobalListedInfrastructureIncomeFund,n/a,INF
316,n/a,Bermuda,$11.66B,BrookfieldInfrastructurePartnersLP,MarineTransportation,BIP
317,n/a,Bermuda,$7.61B,BrookfieldPropertyPartnersL.P.,RealEstate,BPY
318,n/a,Bermuda,$159.87M,BrookfieldPropertyPartnersL.P.,RealEstate,BPYPP
319,n/a,UnitedStates,$13.45B,BrookfieldPropertyREITInc.,RealEstateInvestmentTrusts,BPR
320,n/a,UnitedStates,$251.7M,BrookfieldPropertyREITInc.,RealEstateInvestmentTrusts,BPRAP
321,2016,n/a,$788.61M,BrookfieldRealAssetsIncomeFundInc.,n/a,RA
322,n/a,n/a,$5.69B,BrookfieldRenewablePartnersL.P.,ElectricUtilities:Central,BEP
323,n/a,UnitedStates,$1.16B,"BrooklineBancorp,Inc.",SavingsInstitutions,BRKL
324,1995,UnitedStates,$2.69B,"BrooksAutomation,Inc.",IndustrialMachinery/Components,BRKS
325,n/a,UnitedStates,$8.93B,"Brown&Brown,Inc.",SpecialtyInsurers,BRO
326,n/a,n/a,n/a,BrownFormanCorporation,n/a,BF.A
327,n/a,n/a,n/a,BrownFormanCorporation,n/a,BF.B
328,n/a,Canada,$1.31B,BRPInc.,IndustrialSpecialties,DOOO
329,n/a,UnitedStates,$201.14M,BRTApartmentsCorp.,RealEstateInvestmentTrusts,BRT
330,n/a,UnitedStates,$6.5B,BrukerCorporation,Biotechnology:LaboratoryAnalyticalInstruments,BRKR
331,n/a,UnitedStates,$3.71B,BrunswickCorporation,IndustrialMachinery/Components,BC
332,n/a,UnitedStates,n/a,BrunswickCorporation,n/a,BC^A
333,n/a,UnitedStates,n/a,BrunswickCorporation,n/a,BC^B
334,n/a,UnitedStates,n/a,BrunswickCorporation,n/a,BC^C
335,n/a,UnitedStates,$747.86M,BrynMawrBankCorporation,MajorBanks,BMTC
336,1999,UnitedStates,$19M,BSQUARECorporation,BusinessServices,BSQR
337,n/a,UnitedKingdom,$24.81B,BTGroupplc,TelecommunicationsEquipment,BT
338,1986,UnitedStates,$6.28B,BuckeyePartnersL.P.,NaturalGasDistribution,BPL
339,n/a,UnitedStates,$751.77M,"Buckle,Inc.(The)",Clothing/Shoe/AccessoryStores,BKE
340,1996,Peru,$3.72B,BuenaventuraMiningCompanyInc.,PreciousMetals,BVN
341,2004,UnitedStates,$73.44M,"Build-A-BearWorkshop,Inc.",RecreationalProducts/Toys,BBW
342,2005,UnitedStates,$1.67B,"BuildersFirstSource,Inc.",RETAIL:BuildingMaterials,BLDR
343,2001,UnitedStates,$7.24B,BungeLimited,PackagedFoods,BG
344,2013,n/a,$10.36B,"BurlingtonStores,Inc.",Department/SpecialtyRetailStores,BURL
345,n/a,UnitedStates,$333.9M,"BusinessFirstBancshares,Inc.",MajorBanks,BFST
346,n/a,UnitedStates,$4.46B,"BWXTechnologies,Inc.",IndustrialMachinery/Components,BWXT
347,2017,UnitedStates,$728.35M,"BylineBancorp,Inc.",MajorBanks,BY
348,n/a,Israel,$47.9M,BCommunicationsLtd.,TelecommunicationsEquipment,BCOM
349,n/a,UnitedStates,$1.48B,"B&GFoods,Inc.",PackagedFoods,BGS
350,n/a,UnitedStates,$534.5M,"B.RileyFinancial,Inc.",BusinessServices,RILY
351,n/a,UnitedStates,n/a,"B.RileyFinancial,Inc.",BusinessServices,RILYG
352,n/a,UnitedStates,n/a,"B.RileyFinancial,Inc.",BusinessServices,RILYH
353,n/a,UnitedStates,n/a,"B.RileyFinancial,Inc.",BusinessServices,RILYI
354,n/a,UnitedStates,n/a,"B.RileyFinancial,Inc.",BusinessServices,RILYL
355,n/a,UnitedStates,n/a,"B.RileyFinancial,Inc.",BusinessServices,RILYO
356,n/a,UnitedStates,n/a,"B.RileyFinancial,Inc.",BusinessServices,RILYZ
357,2019,n/a,$180.55M,B.RileyPrincipalMergerCorp.,BusinessServices,BRPM
358,2019,n/a,n/a,B.RileyPrincipalMergerCorp.,n/a,BRPM.U
359,n/a,n/a,n/a,B.RileyPrincipalMergerCorp.,n/a,BRPM.WS
360,n/a,Israel,$10.03M,B.O.S.BetterOnlineSolutions,ComputerCommunicationsEquipment,BOSC
361,n/a,Canada,$2.61B,B2GoldCorp,PreciousMetals,BTG
362,2015,UnitedStates,$77.69M,Babcock,BuildingProducts,BW
363,2012,UnitedStates,$359.44M,BabsonGlobalShortDurationHighYieldFund,n/a,BGH
364,n/a,UnitedStates,$1.54B,"BadgerMeter,Inc.",IndustrialMachinery/Components,BMI
365,2005,China,$39.14B,"Baidu,Inc.","ComputerSoftware:Programming,DataProcessing",BIDU
366,2018,UnitedStates,$957.07M,"BainCapitalSpecialtyFinance,Inc.",n/a,BCSF
367,2017,n/a,$21.96B,"BakerHughes,aGEcompany",MetalFabrications,BHGE
368,n/a,UnitedStates,$2.96B,BalchemCorporation,MajorChemicals,BCPC
369,2010,UnitedStates,$1.33B,BalckRockTaxableMunicipalBondTrust,n/a,BBN
370,n/a,UnitedStates,$20.43B,BallCorporation,Containers/Packaging,BLL
371,n/a,UnitedStates,$43.99M,"BallantyneStrong,Inc",IndustrialMachinery/Components,BTN
372,n/a,Canada,$917.7M,"BallardPowerSystems,Inc.",IndustrialMachinery/Components,BLDP
373,n/a,UnitedStates,$686.4M,"BancofCalifornia,Inc.",MajorBanks,BANC
374,n/a,UnitedStates,n/a,"BancofCalifornia,Inc.",n/a,BANC^D
375,n/a,UnitedStates,n/a,"BancofCalifornia,Inc.",n/a,BANC^E
376,1993,UnitedStates,$1.74B,BancFirstCorporation,MajorBanks,BANF
377,n/a,UnitedStates,$26.5M,BancFirstCorporation,MajorBanks,BANFP
378,n/a,Spain,$37.65B,BancoBilbaoViscayaArgentariaS.A.,CommercialBanks,BBVA
379,n/a,Brazil,$74.14B,BancoBradescoSa,MajorBanks,BBD
380,n/a,Brazil,$65.06B,BancoBradescoSa,MajorBanks,BBDO
381,n/a,Chile,$14.22B,BancoDeChile,CommercialBanks,BCH
382,1992,Panama,$619.64M,"BancoLatinoamericanodeComercioExterior,S.A.",CommercialBanks,BLX
383,2009,Brazil,$85.85B,BancoSantanderBrasilSA,CommercialBanks,BSBR
384,n/a,Chile,$13.05B,BancoSantanderChile,CommercialBanks,BSAC
385,2012,Mexico,$10.29B,"BancoSantanderMexico,S.A.,InstituciondeBan",CommercialBanks,BSMX
386,n/a,Spain,$72.9B,"BancoSantander,S.A.",CommercialBanks,SAN
387,n/a,Spain,n/a,"BancoSantander,S.A.",n/a,SAN^B
388,n/a,Colombia,$2.2B,BanColombiaS.A.,CommercialBanks,CIB
389,n/a,UnitedStates,$50.91M,"Bancorp34,Inc.",SavingsInstitutions,BCTF
390,n/a,UnitedStates,$93.94M,"BancorpofNewJersey,Inc",MajorBanks,BKJ
391,n/a,UnitedStates,$2.75B,BancorpSouthBank,n/a,BXS
392,n/a,UnitedStates,n/a,BancroftFundLimited,n/a,BCV^A
393,n/a,UnitedStates,$110.05M,BancroftFundLimited,n/a,BCV
394,2017,UnitedStates,$1.72B,BandwidthInc.,ComputerSoftware:PrepackagedSoftware,BAND
395,n/a,UnitedStates,$469.54M,BankFirstNationalCorporation,MajorBanks,BFC
396,n/a,UnitedStates,$258.24B,BankofAmericaCorporation,MajorBanks,BAC
397,n/a,UnitedStates,n/a,BankofAmericaCorporation,n/a,BAC^A
